{
    "Temporal": {
        "BEFORE": {
            "precision": 0.5214425366527962,
            "recall": 0.6516034381784517,
            "f1-score": 0.5793016761245602,
            "support": 169043
        },
        "OVERLAP": {
            "precision": 0.2650142993326978,
            "recall": 0.13276026743075453,
            "f1-score": 0.1769010499522749,
            "support": 2094
        },
        "CONTAINS": {
            "precision": 0.40873800315141096,
            "recall": 0.42695116112042136,
            "f1-score": 0.41764611173724037,
            "support": 33416
        },
        "SIMULTANEOUS": {
            "precision": 0.240239183960605,
            "recall": 0.19217782779966236,
            "f1-score": 0.2135375957480069,
            "support": 3554
        },
        "ENDS-ON": {
            "precision": 0.0,
            "recall": 0.0,
            "f1-score": 0.0,
            "support": 41
        },
        "BEGINS-ON": {
            "precision": 0.20689655172413793,
            "recall": 0.039473684210526314,
            "f1-score": 0.06629834254143646,
            "support": 152
        },
        "micro avg": {
            "precision": 0.5013595323208816,
            "recall": 0.6019347095535286,
            "f1-score": 0.5470629556749115,
            "support": 208300
        },
        "macro avg": {
            "precision": 0.27372176247027463,
            "recall": 0.24049439645663606,
            "f1-score": 0.24228079601725316,
            "support": 208300
        },
        "weighted avg": {
            "precision": 0.4956543356465045,
            "recall": 0.6019347095535286,
            "f1-score": 0.5425942221262143,
            "support": 208300
        }
    }
}