{
    "Causal": {
        "PRECONDITION": {
            "precision": 0.34631782945736433,
            "recall": 0.3454141296994298,
            "f1-score": 0.3458653892679151,
            "support": 10347
        },
        "CAUSE": {
            "precision": 0.358604091456077,
            "recall": 0.454684162343607,
            "f1-score": 0.4009687836383208,
            "support": 3277
        },
        "micro avg": {
            "precision": 0.3498445595854922,
            "recall": 0.37169700528479155,
            "f1-score": 0.36043987330509986,
            "support": 13624
        },
        "macro avg": {
            "precision": 0.3524609604567207,
            "recall": 0.4000491460215184,
            "f1-score": 0.37341708645311794,
            "support": 13624
        },
        "weighted avg": {
            "precision": 0.3492730614428151,
            "recall": 0.37169700528479155,
            "f1-score": 0.35911948669538274,
            "support": 13624
        }
    }
}