{
    "Subevent": {
        "SUBEVENT": {
            "precision": 0.2602796621902257,
            "recall": 0.30824725364813904,
            "f1-score": 0.28223990391833054,
            "support": 6099
        },
        "micro avg": {
            "precision": 0.2602796621902257,
            "recall": 0.30824725364813904,
            "f1-score": 0.28223990391833054,
            "support": 6099
        },
        "macro avg": {
            "precision": 0.2602796621902257,
            "recall": 0.30824725364813904,
            "f1-score": 0.28223990391833054,
            "support": 6099
        },
        "weighted avg": {
            "precision": 0.2602796621902257,
            "recall": 0.30824725364813904,
            "f1-score": 0.28223990391833054,
            "support": 6099
        }
    }
}