{
    "Subevent": {
        "SuperSub": {
            "precision": 0.19014084507042253,
            "recall": 0.32432432432432434,
            "f1-score": 0.23973362930077693,
            "support": 333
        },
        "SubSuper": {
            "precision": 0.209375,
            "recall": 0.3861671469740634,
            "f1-score": 0.27152988855116517,
            "support": 347
        },
        "micro avg": {
            "precision": 0.20033112582781457,
            "recall": 0.3558823529411765,
            "f1-score": 0.2563559322033898,
            "support": 680
        },
        "macro avg": {
            "precision": 0.19975792253521127,
            "recall": 0.3552457356491939,
            "f1-score": 0.25563175892597106,
            "support": 680
        },
        "weighted avg": {
            "precision": 0.1999559211888981,
            "recall": 0.3558823529411765,
            "f1-score": 0.25595907335943097,
            "support": 680
        }
    }
}