{
    "Coreference": {
        "B-cubed": {
            "precision": 0.9771706805255737,
            "recall": 0.9798409870344628,
            "f1": 0.9785040119879028
        },
        "CEAF": {
            "precision": 0.9757743942973135,
            "recall": 0.9742778996124823,
            "f1": 0.9750255727404656
        },
        "BLANC": {
            "precision": 0.8686623297772704,
            "recall": 0.900945553541941,
            "f1": 0.8841045955283854
        },
        "MUC": {
            "precision": 0.7925531914893617,
            "recall": 0.8059499661933739,
            "f1": 0.7991954408313777
        },
        "mean_coref_f1": 0.9092074052720329
    }
}